Workbook

Sheet Raw Data
A1: SN | B1: WO | C1: Issue | D1: Equipment | E1: CH | F1: Operational Current | G1: Oper Temperature | H1: Oper Wavelength | I1: Oper status | J1: Max Current | K1: Max Temperature | L1: Max Wavelength | M1: Max status

Sheet Temperature Distribution
A1: ='Raw Data'!A1 -> SN | B1: ='Raw Data'!B1 -> WO | C1: ='Raw Data'!C1 -> Issue | D1: ='Raw Data'!D1 -> Equipment | E1: ='Raw Data'!E1 -> CH | F1: ='Raw Data'!F1 -> Operational Current | G1: ='Raw Data'!G1 -> Oper Temperature | H1: ='Raw Data'!H1 -> Oper Wavelength | ... M1: ='Raw Data'!M1 -> Max status
A2: ='Raw Data'!A2 -> 0 | B2: ='Raw Data'!B2 -> 0 | C2: ='Raw Data'!C2 -> 0 | D2: ='Raw Data'!D2 -> 0 | E2: ='Raw Data'!E2 -> 0 | F2: ='Raw Data'!F2 -> 0 | G2: ='Raw Data'!G2 -> 0 | H2: ='Raw Data'!H2 -> 0 | ... M2: ='Raw Data'!M2 -> 0 | R2: >=0.01 | S2: >=11 | T2: >=21 | U2: >=31 | V2: >=41 | W2: >=51 | X2: >=61 | AA2: Mode Hopping | AB2: =COUNTIF(C:C, "Mode Hopping")/4 -> 0
A3: ='Raw Data'!A3 -> 0 | B3: ='Raw Data'!B3 -> 0 | C3: ='Raw Data'!C3 -> 0 | D3: ='Raw Data'!D3 -> 0 | E3: ='Raw Data'!E3 -> 0 | F3: ='Raw Data'!F3 -> 0 | G3: ='Raw Data'!G3 -> 0 | H3: ='Raw Data'!H3 -> 0 | ... M3: ='Raw Data'!M3 -> 0 | R3: <=10.99 | S3: <=20.99 | T3: <=30.99 | U3: <=40.99 | V3: <=50.99 | W3: <=60.99 | X3: <=70.99 | AA3: Mode Hopping + SMSR | AB3: =COUNTIF(C:C, "Mode Hopping + SMSR")/4 -> 0
A4: ='Raw Data'!A4 -> 0 | B4: ='Raw Data'!B4 -> 0 | C4: ='Raw Data'!C4 -> 0 | D4: ='Raw Data'!D4 -> 0 | E4: ='Raw Data'!E4 -> 0 | F4: ='Raw Data'!F4 -> 0 | G4: ='Raw Data'!G4 -> 0 | H4: ='Raw Data'!H4 -> 0 | ... M4: ='Raw Data'!M4 -> 0 | Q4: Temp °C | R4: 0-10 | S4: 11-20 | T4: 21-30 | U4: 31-40 | V4: 41-50 | W4: 51-60 | X4: 61-70 | Y4: Total Qty | AA4: SMSR | AB4: =COUNTIF(C:C, "SMSR")/4 -> 0
A5: ='Raw Data'!A5 -> 0 | B5: ='Raw Data'!B5 -> 0 | C5: ='Raw Data'!C5 -> 0 | D5: ='Raw Data'!D5 -> 0 | E5: ='Raw Data'!E5 -> 0 | F5: ='Raw Data'!F5 -> 0 | G5: ='Raw Data'!G5 -> 0 | H5: ='Raw Data'!H5 -> 0 | ... M5: ='Raw Data'!M5 -> 0 | Q5: Qty | R5: =R7+R9 -> 0 | S5: =S7+S9 -> 0 | T5: =T7+T9 -> 0 | U5: =U7+U9 -> 0 | V5: =V7+V9 -> 0 | W5: =W7+W9 -> 0 | X5: =X7+X9 -> 0 | Y5: =SUM(R5:X5) -> 0 | AA5: Multimode WL | AB5: =COUNTIF(C:C, "Multimode WL")/4 -> 0
A6: ='Raw Data'!A6 -> 0 | B6: ='Raw Data'!B6 -> 0 | C6: ='Raw Data'!C6 -> 0 | D6: ='Raw Data'!D6 -> 0 | E6: ='Raw Data'!E6 -> 0 | F6: ='Raw Data'!F6 -> 0 | G6: ='Raw Data'!G6 -> 0 | H6: ='Raw Data'!H6 -> 0 | ... M6: ='Raw Data'!M6 -> 0 | Q6: Oper+Max | R6: =R5/$Y$5 -> #DIV/0! | S6: =S5/$Y$5 -> #DIV/0! | T6: =T5/$Y$5 -> #DIV/0! | U6: =U5/$Y$5 -> #DIV/0! | V6: =V5/$Y$5 -> #DIV/0! | W6: =W5/$Y$5 -> #DIV/0! | X6: =X5/$Y$5 -> #DIV/0! | AA6: TxP<-50dBm | AB6: =COUNTIF(C:C, "TxP<-50dBm")/4 -> 0
A7: ='Raw Data'!A7 -> 0 | B7: ='Raw Data'!B7 -> 0 | C7: ='Raw Data'!C7 -> 0 | D7: ='Raw Data'!D7 -> 0 | E7: ='Raw Data'!E7 -> 0 | F7: ='Raw Data'!F7 -> 0 | G7: ='Raw Data'!G7 -> 0 | H7: ='Raw Data'!H7 -> 0 | ... M7: ='Raw Data'!M7 -> 0 | Q7: Operational | R7: =COUNTIFS('Raw Data'!$G:$G,R2,'Raw Data'!$G:$G,R3) -> 0 | S7: =COUNTIFS('Raw Data'!$G:$G,S2,'Raw Data'!$G:$G,S3) -> 0 | T7: =COUNTIFS('Raw Data'!$G:$G,T2,'Raw Data'!$G:$G,T3) -> 0 | U7: =COUNTIFS('Raw Data'!$G:$G,U2,'Raw Data'!$G:$G,U3) -> 0 | V7: =COUNTIFS('Raw Data'!$G:$G,V2,'Raw Data'!$G:$G,V3) -> 0 | W7: =COUNTIFS('Raw Data'!$G:$G,W2,'Raw Data'!$G:$G,W3) -> 0 | X7: =COUNTIFS('Raw Data'!$G:$G,X2,'Raw Data'!$G:$G,X3) -> 0 | Y7: =SUM(R7:X7) -> 0 | AA7: WL lost | AB7: =COUNTIF(C:C, "WL lost")/4 -> 0
A8: ='Raw Data'!A8 -> 0 | B8: ='Raw Data'!B8 -> 0 | C8: ='Raw Data'!C8 -> 0 | D8: ='Raw Data'!D8 -> 0 | E8: ='Raw Data'!E8 -> 0 | F8: ='Raw Data'!F8 -> 0 | G8: ='Raw Data'!G8 -> 0 | H8: ='Raw Data'!H8 -> 0 | ... M8: ='Raw Data'!M8 -> 0 | Q8: Oper % | R8: =R7/$Y$7 -> #DIV/0! | S8: =S7/$Y$7 -> #DIV/0! | T8: =T7/$Y$7 -> #DIV/0! | U8: =U7/$Y$7 -> #DIV/0! | V8: =V7/$Y$7 -> #DIV/0! | W8: =W7/$Y$7 -> #DIV/0! | X8: =X7/$Y$7 -> #DIV/0! | AA8: PASS | AB8: =COUNTIF(C:C, "PASS")/4 -> 0
A9: ='Raw Data'!A9 -> 0 | B9: ='Raw Data'!B9 -> 0 | C9: ='Raw Data'!C9 -> 0 | D9: ='Raw Data'!D9 -> 0 | E9: ='Raw Data'!E9 -> 0 | F9: ='Raw Data'!F9 -> 0 | G9: ='Raw Data'!G9 -> 0 | H9: ='Raw Data'!H9 -> 0 | ... M9: ='Raw Data'!M9 -> 0 | Q9: Max | R9: =COUNTIFS('Raw Data'!$K:$K,R2,'Raw Data'!$K:$K,R3) -> 0 | S9: =COUNTIFS('Raw Data'!$K:$K,S2,'Raw Data'!$K:$K,S3) -> 0 | T9: =COUNTIFS('Raw Data'!$K:$K,T2,'Raw Data'!$K:$K,T3) -> 0 | U9: =COUNTIFS('Raw Data'!$K:$K,U2,'Raw Data'!$K:$K,U3) -> 0 | V9: =COUNTIFS('Raw Data'!$K:$K,V2,'Raw Data'!$K:$K,V3) -> 0 | W9: =COUNTIFS('Raw Data'!$K:$K,W2,'Raw Data'!$K:$K,W3) -> 0 | X9: =COUNTIFS('Raw Data'!$K:$K,X2,'Raw Data'!$K:$K,X3) -> 0 | Y9: =SUM(R9:X9) -> 0
A10: ='Raw Data'!A10 -> 0 | B10: ='Raw Data'!B10 -> 0 | C10: ='Raw Data'!C10 -> 0 | D10: ='Raw Data'!D10 -> 0 | E10: ='Raw Data'!E10 -> 0 | F10: ='Raw Data'!F10 -> 0 | G10: ='Raw Data'!G10 -> 0 | H10: ='Raw Data'!H10 -> 0 | ... M10: ='Raw Data'!M10 -> 0 | Q10: Max % | R10: =R9/$Y$9 -> #DIV/0! | S10: =S9/$Y$9 -> #DIV/0! | T10: =T9/$Y$9 -> #DIV/0! | U10: =U9/$Y$9 -> #DIV/0! | V10: =V9/$Y$9 -> #DIV/0! | W10: =W9/$Y$9 -> #DIV/0! | X10: =X9/$Y$9 -> #DIV/0!
A11: ='Raw Data'!A11 -> 0 | B11: ='Raw Data'!B11 -> 0 | C11: ='Raw Data'!C11 -> 0 | D11: ='Raw Data'!D11 -> 0 | E11: ='Raw Data'!E11 -> 0 | F11: ='Raw Data'!F11 -> 0 | G11: ='Raw Data'!G11 -> 0 | H11: ='Raw Data'!H11 -> 0 | ... M11: ='Raw Data'!M11 -> 0
A12: ='Raw Data'!A12 -> 0 | B12: ='Raw Data'!B12 -> 0 | C12: ='Raw Data'!C12 -> 0 | D12: ='Raw Data'!D12 -> 0 | E12: ='Raw Data'!E12 -> 0 | F12: ='Raw Data'!F12 -> 0 | G12: ='Raw Data'!G12 -> 0 | H12: ='Raw Data'!H12 -> 0 | ... M12: ='Raw Data'!M12 -> 0
A13: ='Raw Data'!A13 -> 0 | B13: ='Raw Data'!B13 -> 0 | C13: ='Raw Data'!C13 -> 0 | D13: ='Raw Data'!D13 -> 0 | E13: ='Raw Data'!E13 -> 0 | F13: ='Raw Data'!F13 -> 0 | G13: ='Raw Data'!G13 -> 0 | H13: ='Raw Data'!H13 -> 0 | ... M13: ='Raw Data'!M13 -> 0
A14: ='Raw Data'!A14 -> 0 | B14: ='Raw Data'!B14 -> 0 | C14: ='Raw Data'!C14 -> 0 | D14: ='Raw Data'!D14 -> 0 | E14: ='Raw Data'!E14 -> 0 | F14: ='Raw Data'!F14 -> 0 | G14: ='Raw Data'!G14 -> 0 | H14: ='Raw Data'!H14 -> 0 | ... M14: ='Raw Data'!M14 -> 0
A15: ='Raw Data'!A15 -> 0 | B15: ='Raw Data'!B15 -> 0 | C15: ='Raw Data'!C15 -> 0 | D15: ='Raw Data'!D15 -> 0 | E15: ='Raw Data'!E15 -> 0 | F15: ='Raw Data'!F15 -> 0 | G15: ='Raw Data'!G15 -> 0 | H15: ='Raw Data'!H15 -> 0 | ... M15: ='Raw Data'!M15 -> 0
A16: ='Raw Data'!A16 -> 0 | B16: ='Raw Data'!B16 -> 0 | C16: ='Raw Data'!C16 -> 0 | D16: ='Raw Data'!D16 -> 0 | E16: ='Raw Data'!E16 -> 0 | F16: ='Raw Data'!F16 -> 0 | G16: ='Raw Data'!G16 -> 0 | H16: ='Raw Data'!H16 -> 0 | ... M16: ='Raw Data'!M16 -> 0
A17: ='Raw Data'!A17 -> 0 | B17: ='Raw Data'!B17 -> 0 | C17: ='Raw Data'!C17 -> 0 | D17: ='Raw Data'!D17 -> 0 | E17: ='Raw Data'!E17 -> 0 | F17: ='Raw Data'!F17 -> 0 | G17: ='Raw Data'!G17 -> 0 | H17: ='Raw Data'!H17 -> 0 | ... M17: ='Raw Data'!M17 -> 0
A18: ='Raw Data'!A18 -> 0 | B18: ='Raw Data'!B18 -> 0 | C18: ='Raw Data'!C18 -> 0 | D18: ='Raw Data'!D18 -> 0 | E18: ='Raw Data'!E18 -> 0 | F18: ='Raw Data'!F18 -> 0 | G18: ='Raw Data'!G18 -> 0 | H18: ='Raw Data'!H18 -> 0 | ... M18: ='Raw Data'!M18 -> 0
A19: ='Raw Data'!A19 -> 0 | B19: ='Raw Data'!B19 -> 0 | C19: ='Raw Data'!C19 -> 0 | D19: ='Raw Data'!D19 -> 0 | E19: ='Raw Data'!E19 -> 0 | F19: ='Raw Data'!F19 -> 0 | G19: ='Raw Data'!G19 -> 0 | H19: ='Raw Data'!H19 -> 0 | ... M19: ='Raw Data'!M19 -> 0
A20: ='Raw Data'!A20 -> 0 | B20: ='Raw Data'!B20 -> 0 | C20: ='Raw Data'!C20 -> 0 | D20: ='Raw Data'!D20 -> 0 | E20: ='Raw Data'!E20 -> 0 | F20: ='Raw Data'!F20 -> 0 | G20: ='Raw Data'!G20 -> 0 | H20: ='Raw Data'!H20 -> 0 | ... M20: ='Raw Data'!M20 -> 0
A21: ='Raw Data'!A21 -> 0 | B21: ='Raw Data'!B21 -> 0 | C21: ='Raw Data'!C21 -> 0 | D21: ='Raw Data'!D21 -> 0 | E21: ='Raw Data'!E21 -> 0 | F21: ='Raw Data'!F21 -> 0 | G21: ='Raw Data'!G21 -> 0 | H21: ='Raw Data'!H21 -> 0 | ... M21: ='Raw Data'!M21 -> 0
A22: ='Raw Data'!A22 -> 0 | B22: ='Raw Data'!B22 -> 0 | C22: ='Raw Data'!C22 -> 0 | D22: ='Raw Data'!D22 -> 0 | E22: ='Raw Data'!E22 -> 0 | F22: ='Raw Data'!F22 -> 0 | G22: ='Raw Data'!G22 -> 0 | H22: ='Raw Data'!H22 -> 0 | ... M22: ='Raw Data'!M22 -> 0
... A7660: ='Raw Data'!A7660 -> 0 | B7660: ='Raw Data'!B7660 -> 0 | C7660: ='Raw Data'!C7660 -> 0 | D7660: ='Raw Data'!D7660 -> 0 | E7660: ='Raw Data'!E7660 -> 0 | F7660: ='Raw Data'!F7660 -> 0 | G7660: ='Raw Data'!G7660 -> 0 | H7660: ='Raw Data'!H7660 -> 0 | ... M7660: ='Raw Data'!M7660 -> 0

Sheet CH Distribution
B1: No-Pivot Summary — Auto SN Collection + SUMIFS Cross-Tab | N1: How it works
B2: Col A contains unique SNs as static values. Cols B-L use SUMIFS — paste new Raw Data and refresh (Ctrl+Alt+F9). | N2: Blue (col A) | O2: AGGREGATE(15,6,...) extracts unique SNs automatically — updates when Sheet1 data changes
B3: Row Labels | C3: CH1 | E3: CH2 | G3: CH3 | I3: CH4 | K3: Total Oper | L3: Total Max | M3: Grand Total | N3: Yellow cells | O3: Oper Current flag count per CH =SUMIFS(Sheet1!$F:$F, Sheet1!$A:$A, $A_row, Sheet1!$E:$E, CH$3)
A4: No | C4: Oper | D4: Max | E4: Oper | F4: Max | G4: Oper | H4: Max | I4: Oper | J4: Max | K4: SUM | L4: SUM | M4: SUM | N4: Green cells | O4: Max Current flag count per CH =SUMIFS(Sheet1!$J:$J, Sheet1!$A:$A, $A_row, Sheet1!$E:$E, CH$3)
A5: 1 | B5: =INDEX('Raw Data'!$A:$A,(ROW(A2)-1)*4+1) -> 0 | C5: =IF($B5="","",SUMIFS('Raw Data'!$F:$F,'Raw Data'!$A:$A,$B5,'Raw Data'!$E:$E,C$3)) -> 0 | D5: =IF($B5="","",SUMIFS('Raw Data'!$J:$J,'Raw Data'!$A:$A,$B5,'Raw Data'!$E:$E,C$3)) -> 0 | E5: =IF($B5="","",SUMIFS('Raw Data'!$F:$F,'Raw Data'!$A:$A,$B5,'Raw Data'!$E:$E,E$3)) -> 0 | F5: =IF($B5="","",SUMIFS('Raw Data'!$J:$J,'Raw Data'!$A:$A,$B5,'Raw Data'!$E:$E,E$3)) -> 0 | G5: =IF($B5="","",SUMIFS('Raw Data'!$F:$F,'Raw Data'!$A:$A,$B5,'Raw Data'!$E:$E,G$3)) -> 0 | H5: =IF($B5="","",SUMIFS('Raw Data'!$J:$J,'Raw Data'!$A:$A,$B5,'Raw Data'!$E:$E,G$3)) -> 0 | I5: =IF($B5="","",SUMIFS('Raw Data'!$F:$F,'Raw Data'!$A:$A,$B5,'Raw Data'!$E:$E,I$3)) -> 0 | J5: =IF($B5="","",SUMIFS('Raw Data'!$J:$J,'Raw Data'!$A:$A,$B5,'Raw Data'!$E:$E,I$3)) -> 0 | K5: =IF($B5="","",C5+E5+G5+I5) -> 0 | L5: =IF($B5="","",D5+F5+H5+J5) -> 0 | M5: =IF($B5="","",K5+L5) -> 0 | R5: 1270 | S5: 1290 | T5: 1310 | U5: 1330
A6: 2 | B6: =INDEX('Raw Data'!$A:$A,(ROW(A3)-1)*4+1) -> 0 | C6: =IF($B6="","",SUMIFS('Raw Data'!$F:$F,'Raw Data'!$A:$A,$B6,'Raw Data'!$E:$E,C$3)) -> 0 | D6: =IF($B6="","",SUMIFS('Raw Data'!$J:$J,'Raw Data'!$A:$A,$B6,'Raw Data'!$E:$E,C$3)) -> 0 | E6: =IF($B6="","",SUMIFS('Raw Data'!$F:$F,'Raw Data'!$A:$A,$B6,'Raw Data'!$E:$E,E$3)) -> 0 | F6: =IF($B6="","",SUMIFS('Raw Data'!$J:$J,'Raw Data'!$A:$A,$B6,'Raw Data'!$E:$E,E$3)) -> 0 | G6: =IF($B6="","",SUMIFS('Raw Data'!$F:$F,'Raw Data'!$A:$A,$B6,'Raw Data'!$E:$E,G$3)) -> 0 | H6: =IF($B6="","",SUMIFS('Raw Data'!$J:$J,'Raw Data'!$A:$A,$B6,'Raw Data'!$E:$E,G$3)) -> 0 | I6: =IF($B6="","",SUMIFS('Raw Data'!$F:$F,'Raw Data'!$A:$A,$B6,'Raw Data'!$E:$E,I$3)) -> 0 | J6: =IF($B6="","",SUMIFS('Raw Data'!$J:$J,'Raw Data'!$A:$A,$B6,'Raw Data'!$E:$E,I$3)) -> 0 | K6: =IF($B6="","",C6+E6+G6+I6) -> 0 | L6: =IF($B6="","",D6+F6+H6+J6) -> 0 | M6: =IF($B6="","",K6+L6) -> 0 | R6: 1 | S6: 1 | T6: 1 | U6: 1
A7: 3 | B7: =INDEX('Raw Data'!$A:$A,(ROW(A4)-1)*4+1) -> 0 | C7: =IF($B7="","",SUMIFS('Raw Data'!$F:$F,'Raw Data'!$A:$A,$B7,'Raw Data'!$E:$E,C$3)) -> 0 | D7: =IF($B7="","",SUMIFS('Raw Data'!$J:$J,'Raw Data'!$A:$A,$B7,'Raw Data'!$E:$E,C$3)) -> 0 | E7: =IF($B7="","",SUMIFS('Raw Data'!$F:$F,'Raw Data'!$A:$A,$B7,'Raw Data'!$E:$E,E$3)) -> 0 | F7: =IF($B7="","",SUMIFS('Raw Data'!$J:$J,'Raw Data'!$A:$A,$B7,'Raw Data'!$E:$E,E$3)) -> 0 | G7: =IF($B7="","",SUMIFS('Raw Data'!$F:$F,'Raw Data'!$A:$A,$B7,'Raw Data'!$E:$E,G$3)) -> 0 | H7: =IF($B7="","",SUMIFS('Raw Data'!$J:$J,'Raw Data'!$A:$A,$B7,'Raw Data'!$E:$E,G$3)) -> 0 | I7: =IF($B7="","",SUMIFS('Raw Data'!$F:$F,'Raw Data'!$A:$A,$B7,'Raw Data'!$E:$E,I$3)) -> 0 | J7: =IF($B7="","",SUMIFS('Raw Data'!$J:$J,'Raw Data'!$A:$A,$B7,'Raw Data'!$E:$E,I$3)) -> 0 | K7: =IF($B7="","",C7+E7+G7+I7) -> 0 | L7: =IF($B7="","",D7+F7+H7+J7) -> 0 | M7: =IF($B7="","",K7+L7) -> 0 | R7: 1 | S7: 1 | T7: 1 | U7: 1
A8: 4 | B8: =INDEX('Raw Data'!$A:$A,(ROW(A5)-1)*4+1) -> 0 | C8: =IF($B8="","",SUMIFS('Raw Data'!$F:$F,'Raw Data'!$A:$A,$B8,'Raw Data'!$E:$E,C$3)) -> 0 | D8: =IF($B8="","",SUMIFS('Raw Data'!$J:$J,'Raw Data'!$A:$A,$B8,'Raw Data'!$E:$E,C$3)) -> 0 | E8: =IF($B8="","",SUMIFS('Raw Data'!$F:$F,'Raw Data'!$A:$A,$B8,'Raw Data'!$E:$E,E$3)) -> 0 | F8: =IF($B8="","",SUMIFS('Raw Data'!$J:$J,'Raw Data'!$A:$A,$B8,'Raw Data'!$E:$E,E$3)) -> 0 | G8: =IF($B8="","",SUMIFS('Raw Data'!$F:$F,'Raw Data'!$A:$A,$B8,'Raw Data'!$E:$E,G$3)) -> 0 | H8: =IF($B8="","",SUMIFS('Raw Data'!$J:$J,'Raw Data'!$A:$A,$B8,'Raw Data'!$E:$E,G$3)) -> 0 | I8: =IF($B8="","",SUMIFS('Raw Data'!$F:$F,'Raw Data'!$A:$A,$B8,'Raw Data'!$E:$E,I$3)) -> 0 | J8: =IF($B8="","",SUMIFS('Raw Data'!$J:$J,'Raw Data'!$A:$A,$B8,'Raw Data'!$E:$E,I$3)) -> 0 | K8: =IF($B8="","",C8+E8+G8+I8) -> 0 | L8: =IF($B8="","",D8+F8+H8+J8) -> 0 | M8: =IF($B8="","",K8+L8) -> 0 | Q8: Oper + Max | R8: =R10+R12 -> 0 | S8: =S10+S12 -> 0 | T8: =T10+T12 -> 0 | U8: =U10+U12 -> 0 | V8: =SUM(R8:U8) -> 0
A9: 5 | B9: =INDEX('Raw Data'!$A:$A,(ROW(A6)-1)*4+1) -> 0 | C9: =IF($B9="","",SUMIFS('Raw Data'!$F:$F,'Raw Data'!$A:$A,$B9,'Raw Data'!$E:$E,C$3)) -> 0 | D9: =IF($B9="","",SUMIFS('Raw Data'!$J:$J,'Raw Data'!$A:$A,$B9,'Raw Data'!$E:$E,C$3)) -> 0 | E9: =IF($B9="","",SUMIFS('Raw Data'!$F:$F,'Raw Data'!$A:$A,$B9,'Raw Data'!$E:$E,E$3)) -> 0 | F9: =IF($B9="","",SUMIFS('Raw Data'!$J:$J,'Raw Data'!$A:$A,$B9,'Raw Data'!$E:$E,E$3)) -> 0 | G9: =IF($B9="","",SUMIFS('Raw Data'!$F:$F,'Raw Data'!$A:$A,$B9,'Raw Data'!$E:$E,G$3)) -> 0 | H9: =IF($B9="","",SUMIFS('Raw Data'!$J:$J,'Raw Data'!$A:$A,$B9,'Raw Data'!$E:$E,G$3)) -> 0 | I9: =IF($B9="","",SUMIFS('Raw Data'!$F:$F,'Raw Data'!$A:$A,$B9,'Raw Data'!$E:$E,I$3)) -> 0 | J9: =IF($B9="","",SUMIFS('Raw Data'!$J:$J,'Raw Data'!$A:$A,$B9,'Raw Data'!$E:$E,I$3)) -> 0 | K9: =IF($B9="","",C9+E9+G9+I9) -> 0 | L9: =IF($B9="","",D9+F9+H9+J9) -> 0 | M9: =IF($B9="","",K9+L9) -> 0 | R9: =R8/$V$8 -> #DIV/0! | S9: =S8/$V$8 -> #DIV/0! | T9: =T8/$V$8 -> #DIV/0! | U9: =U8/$V$8 -> #DIV/0!
A10: 6 | B10: =INDEX('Raw Data'!$A:$A,(ROW(A7)-1)*4+1) -> 0 | C10: =IF($B10="","",SUMIFS('Raw Data'!$F:$F,'Raw Data'!$A:$A,$B10,'Raw Data'!$E:$E,C$3)) -> 0 | D10: =IF($B10="","",SUMIFS('Raw Data'!$J:$J,'Raw Data'!$A:$A,$B10,'Raw Data'!$E:$E,C$3)) -> 0 | E10: =IF($B10="","",SUMIFS('Raw Data'!$F:$F,'Raw Data'!$A:$A,$B10,'Raw Data'!$E:$E,E$3)) -> 0 | F10: =IF($B10="","",SUMIFS('Raw Data'!$J:$J,'Raw Data'!$A:$A,$B10,'Raw Data'!$E:$E,E$3)) -> 0 | G10: =IF($B10="","",SUMIFS('Raw Data'!$F:$F,'Raw Data'!$A:$A,$B10,'Raw Data'!$E:$E,G$3)) -> 0 | H10: =IF($B10="","",SUMIFS('Raw Data'!$J:$J,'Raw Data'!$A:$A,$B10,'Raw Data'!$E:$E,G$3)) -> 0 | I10: =IF($B10="","",SUMIFS('Raw Data'!$F:$F,'Raw Data'!$A:$A,$B10,'Raw Data'!$E:$E,I$3)) -> 0 | J10: =IF($B10="","",SUMIFS('Raw Data'!$J:$J,'Raw Data'!$A:$A,$B10,'Raw Data'!$E:$E,I$3)) -> 0 | K10: =IF($B10="","",C10+E10+G10+I10) -> 0 | L10: =IF($B10="","",D10+F10+H10+J10) -> 0 | M10: =IF($B10="","",K10+L10) -> 0 | Q10: Oper | R10: =COUNTIFS($C5:$C2000,R6,$C5:$C2000,R7) -> 0 | S10: =COUNTIFS($E$4:$E$2000,S6,$E$4:$E$2000,S7) -> 0 | T10: =COUNTIFS($G5:$G204,T6,$G5:$G204,T7) -> 0 | U10: =COUNTIFS($I5:$I2000,U6,$I5:$I2000,U7) -> 0 | V10: =SUM(R10:U10) -> 0
A11: 7 | B11: =INDEX('Raw Data'!$A:$A,(ROW(A8)-1)*4+1) -> 0 | C11: =IF($B11="","",SUMIFS('Raw Data'!$F:$F,'Raw Data'!$A:$A,$B11,'Raw Data'!$E:$E,C$3)) -> 0 | D11: =IF($B11="","",SUMIFS('Raw Data'!$J:$J,'Raw Data'!$A:$A,$B11,'Raw Data'!$E:$E,C$3)) -> 0 | E11: =IF($B11="","",SUMIFS('Raw Data'!$F:$F,'Raw Data'!$A:$A,$B11,'Raw Data'!$E:$E,E$3)) -> 0 | F11: =IF($B11="","",SUMIFS('Raw Data'!$J:$J,'Raw Data'!$A:$A,$B11,'Raw Data'!$E:$E,E$3)) -> 0 | G11: =IF($B11="","",SUMIFS('Raw Data'!$F:$F,'Raw Data'!$A:$A,$B11,'Raw Data'!$E:$E,G$3)) -> 0 | H11: =IF($B11="","",SUMIFS('Raw Data'!$J:$J,'Raw Data'!$A:$A,$B11,'Raw Data'!$E:$E,G$3)) -> 0 | I11: =IF($B11="","",SUMIFS('Raw Data'!$F:$F,'Raw Data'!$A:$A,$B11,'Raw Data'!$E:$E,I$3)) -> 0 | J11: =IF($B11="","",SUMIFS('Raw Data'!$J:$J,'Raw Data'!$A:$A,$B11,'Raw Data'!$E:$E,I$3)) -> 0 | K11: =IF($B11="","",C11+E11+G11+I11) -> 0 | L11: =IF($B11="","",D11+F11+H11+J11) -> 0 | M11: =IF($B11="","",K11+L11) -> 0 | R11: =R10/$V$10 -> #DIV/0! | S11: =S10/$V$10 -> #DIV/0! | T11: =T10/$V$10 -> #DIV/0! | U11: =U10/$V$10 -> #DIV/0!
A12: 8 | B12: =INDEX('Raw Data'!$A:$A,(ROW(A9)-1)*4+1) -> 0 | C12: =IF($B12="","",SUMIFS('Raw Data'!$F:$F,'Raw Data'!$A:$A,$B12,'Raw Data'!$E:$E,C$3)) -> 0 | D12: =IF($B12="","",SUMIFS('Raw Data'!$J:$J,'Raw Data'!$A:$A,$B12,'Raw Data'!$E:$E,C$3)) -> 0 | E12: =IF($B12="","",SUMIFS('Raw Data'!$F:$F,'Raw Data'!$A:$A,$B12,'Raw Data'!$E:$E,E$3)) -> 0 | F12: =IF($B12="","",SUMIFS('Raw Data'!$J:$J,'Raw Data'!$A:$A,$B12,'Raw Data'!$E:$E,E$3)) -> 0 | G12: =IF($B12="","",SUMIFS('Raw Data'!$F:$F,'Raw Data'!$A:$A,$B12,'Raw Data'!$E:$E,G$3)) -> 0 | H12: =IF($B12="","",SUMIFS('Raw Data'!$J:$J,'Raw Data'!$A:$A,$B12,'Raw Data'!$E:$E,G$3)) -> 0 | I12: =IF($B12="","",SUMIFS('Raw Data'!$F:$F,'Raw Data'!$A:$A,$B12,'Raw Data'!$E:$E,I$3)) -> 0 | J12: =IF($B12="","",SUMIFS('Raw Data'!$J:$J,'Raw Data'!$A:$A,$B12,'Raw Data'!$E:$E,I$3)) -> 0 | K12: =IF($B12="","",C12+E12+G12+I12) -> 0 | L12: =IF($B12="","",D12+F12+H12+J12) -> 0 | M12: =IF($B12="","",K12+L12) -> 0 | Q12: Max | R12: =COUNTIFS($D5:$D2000,R6,$D5:$D2000,R7) -> 0 | S12: =COUNTIFS($F5:$F2000,S6,$F5:$F2000,S7) -> 0 | T12: =COUNTIFS($H5:$H2000,T6,$H5:$H2000,T7) -> 0 | U12: =COUNTIFS($J5:$J2000,U6,$J5:$J2000,U7) -> 0 | V12: =SUM(R12:U12) -> 0
A13: 9 | B13: =INDEX('Raw Data'!$A:$A,(ROW(A10)-1)*4+1) -> 0 | C13: =IF($B13="","",SUMIFS('Raw Data'!$F:$F,'Raw Data'!$A:$A,$B13,'Raw Data'!$E:$E,C$3)) -> 0 | D13: =IF($B13="","",SUMIFS('Raw Data'!$J:$J,'Raw Data'!$A:$A,$B13,'Raw Data'!$E:$E,C$3)) -> 0 | E13: =IF($B13="","",SUMIFS('Raw Data'!$F:$F,'Raw Data'!$A:$A,$B13,'Raw Data'!$E:$E,E$3)) -> 0 | F13: =IF($B13="","",SUMIFS('Raw Data'!$J:$J,'Raw Data'!$A:$A,$B13,'Raw Data'!$E:$E,E$3)) -> 0 | G13: =IF($B13="","",SUMIFS('Raw Data'!$F:$F,'Raw Data'!$A:$A,$B13,'Raw Data'!$E:$E,G$3)) -> 0 | H13: =IF($B13="","",SUMIFS('Raw Data'!$J:$J,'Raw Data'!$A:$A,$B13,'Raw Data'!$E:$E,G$3)) -> 0 | I13: =IF($B13="","",SUMIFS('Raw Data'!$F:$F,'Raw Data'!$A:$A,$B13,'Raw Data'!$E:$E,I$3)) -> 0 | J13: =IF($B13="","",SUMIFS('Raw Data'!$J:$J,'Raw Data'!$A:$A,$B13,'Raw Data'!$E:$E,I$3)) -> 0 | K13: =IF($B13="","",C13+E13+G13+I13) -> 0 | L13: =IF($B13="","",D13+F13+H13+J13) -> 0 | M13: =IF($B13="","",K13+L13) -> 0 | R13: =R12/$V$12 -> #DIV/0! | S13: =S12/$V$12 -> #DIV/0! | T13: =T12/$V$12 -> #DIV/0! | U13: =U12/$V$12 -> #DIV/0!
A14: 10 | B14: =INDEX('Raw Data'!$A:$A,(ROW(A11)-1)*4+1) -> 0 | C14: =IF($B14="","",SUMIFS('Raw Data'!$F:$F,'Raw Data'!$A:$A,$B14,'Raw Data'!$E:$E,C$3)) -> 0 | D14: =IF($B14="","",SUMIFS('Raw Data'!$J:$J,'Raw Data'!$A:$A,$B14,'Raw Data'!$E:$E,C$3)) -> 0 | E14: =IF($B14="","",SUMIFS('Raw Data'!$F:$F,'Raw Data'!$A:$A,$B14,'Raw Data'!$E:$E,E$3)) -> 0 | F14: =IF($B14="","",SUMIFS('Raw Data'!$J:$J,'Raw Data'!$A:$A,$B14,'Raw Data'!$E:$E,E$3)) -> 0 | G14: =IF($B14="","",SUMIFS('Raw Data'!$F:$F,'Raw Data'!$A:$A,$B14,'Raw Data'!$E:$E,G$3)) -> 0 | H14: =IF($B14="","",SUMIFS('Raw Data'!$J:$J,'Raw Data'!$A:$A,$B14,'Raw Data'!$E:$E,G$3)) -> 0 | I14: =IF($B14="","",SUMIFS('Raw Data'!$F:$F,'Raw Data'!$A:$A,$B14,'Raw Data'!$E:$E,I$3)) -> 0 | J14: =IF($B14="","",SUMIFS('Raw Data'!$J:$J,'Raw Data'!$A:$A,$B14,'Raw Data'!$E:$E,I$3)) -> 0 | K14: =IF($B14="","",C14+E14+G14+I14) -> 0 | L14: =IF($B14="","",D14+F14+H14+J14) -> 0 | M14: =IF($B14="","",K14+L14) -> 0
A15: 11 | B15: =INDEX('Raw Data'!$A:$A,(ROW(A12)-1)*4+1) -> 0 | C15: =IF($B15="","",SUMIFS('Raw Data'!$F:$F,'Raw Data'!$A:$A,$B15,'Raw Data'!$E:$E,C$3)) -> 0 | D15: =IF($B15="","",SUMIFS('Raw Data'!$J:$J,'Raw Data'!$A:$A,$B15,'Raw Data'!$E:$E,C$3)) -> 0 | E15: =IF($B15="","",SUMIFS('Raw Data'!$F:$F,'Raw Data'!$A:$A,$B15,'Raw Data'!$E:$E,E$3)) -> 0 | F15: =IF($B15="","",SUMIFS('Raw Data'!$J:$J,'Raw Data'!$A:$A,$B15,'Raw Data'!$E:$E,E$3)) -> 0 | G15: =IF($B15="","",SUMIFS('Raw Data'!$F:$F,'Raw Data'!$A:$A,$B15,'Raw Data'!$E:$E,G$3)) -> 0 | H15: =IF($B15="","",SUMIFS('Raw Data'!$J:$J,'Raw Data'!$A:$A,$B15,'Raw Data'!$E:$E,G$3)) -> 0 | I15: =IF($B15="","",SUMIFS('Raw Data'!$F:$F,'Raw Data'!$A:$A,$B15,'Raw Data'!$E:$E,I$3)) -> 0 | J15: =IF($B15="","",SUMIFS('Raw Data'!$J:$J,'Raw Data'!$A:$A,$B15,'Raw Data'!$E:$E,I$3)) -> 0 | K15: =IF($B15="","",C15+E15+G15+I15) -> 0 | L15: =IF($B15="","",D15+F15+H15+J15) -> 0 | M15: =IF($B15="","",K15+L15) -> 0
A16: 12 | B16: =INDEX('Raw Data'!$A:$A,(ROW(A13)-1)*4+1) -> 0 | C16: =IF($B16="","",SUMIFS('Raw Data'!$F:$F,'Raw Data'!$A:$A,$B16,'Raw Data'!$E:$E,C$3)) -> 0 | D16: =IF($B16="","",SUMIFS('Raw Data'!$J:$J,'Raw Data'!$A:$A,$B16,'Raw Data'!$E:$E,C$3)) -> 0 | E16: =IF($B16="","",SUMIFS('Raw Data'!$F:$F,'Raw Data'!$A:$A,$B16,'Raw Data'!$E:$E,E$3)) -> 0 | F16: =IF($B16="","",SUMIFS('Raw Data'!$J:$J,'Raw Data'!$A:$A,$B16,'Raw Data'!$E:$E,E$3)) -> 0 | G16: =IF($B16="","",SUMIFS('Raw Data'!$F:$F,'Raw Data'!$A:$A,$B16,'Raw Data'!$E:$E,G$3)) -> 0 | H16: =IF($B16="","",SUMIFS('Raw Data'!$J:$J,'Raw Data'!$A:$A,$B16,'Raw Data'!$E:$E,G$3)) -> 0 | I16: =IF($B16="","",SUMIFS('Raw Data'!$F:$F,'Raw Data'!$A:$A,$B16,'Raw Data'!$E:$E,I$3)) -> 0 | J16: =IF($B16="","",SUMIFS('Raw Data'!$J:$J,'Raw Data'!$A:$A,$B16,'Raw Data'!$E:$E,I$3)) -> 0 | K16: =IF($B16="","",C16+E16+G16+I16) -> 0 | L16: =IF($B16="","",D16+F16+H16+J16) -> 0 | M16: =IF($B16="","",K16+L16) -> 0
A17: 13 | B17: =INDEX('Raw Data'!$A:$A,(ROW(A14)-1)*4+1) -> 0 | C17: =IF($B17="","",SUMIFS('Raw Data'!$F:$F,'Raw Data'!$A:$A,$B17,'Raw Data'!$E:$E,C$3)) -> 0 | D17: =IF($B17="","",SUMIFS('Raw Data'!$J:$J,'Raw Data'!$A:$A,$B17,'Raw Data'!$E:$E,C$3)) -> 0 | E17: =IF($B17="","",SUMIFS('Raw Data'!$F:$F,'Raw Data'!$A:$A,$B17,'Raw Data'!$E:$E,E$3)) -> 0 | F17: =IF($B17="","",SUMIFS('Raw Data'!$J:$J,'Raw Data'!$A:$A,$B17,'Raw Data'!$E:$E,E$3)) -> 0 | G17: =IF($B17="","",SUMIFS('Raw Data'!$F:$F,'Raw Data'!$A:$A,$B17,'Raw Data'!$E:$E,G$3)) -> 0 | H17: =IF($B17="","",SUMIFS('Raw Data'!$J:$J,'Raw Data'!$A:$A,$B17,'Raw Data'!$E:$E,G$3)) -> 0 | I17: =IF($B17="","",SUMIFS('Raw Data'!$F:$F,'Raw Data'!$A:$A,$B17,'Raw Data'!$E:$E,I$3)) -> 0 | J17: =IF($B17="","",SUMIFS('Raw Data'!$J:$J,'Raw Data'!$A:$A,$B17,'Raw Data'!$E:$E,I$3)) -> 0 | K17: =IF($B17="","",C17+E17+G17+I17) -> 0 | L17: =IF($B17="","",D17+F17+H17+J17) -> 0 | M17: =IF($B17="","",K17+L17) -> 0
A18: 14 | B18: =INDEX('Raw Data'!$A:$A,(ROW(A15)-1)*4+1) -> 0 | C18: =IF($B18="","",SUMIFS('Raw Data'!$F:$F,'Raw Data'!$A:$A,$B18,'Raw Data'!$E:$E,C$3)) -> 0 | D18: =IF($B18="","",SUMIFS('Raw Data'!$J:$J,'Raw Data'!$A:$A,$B18,'Raw Data'!$E:$E,C$3)) -> 0 | E18: =IF($B18="","",SUMIFS('Raw Data'!$F:$F,'Raw Data'!$A:$A,$B18,'Raw Data'!$E:$E,E$3)) -> 0 | F18: =IF($B18="","",SUMIFS('Raw Data'!$J:$J,'Raw Data'!$A:$A,$B18,'Raw Data'!$E:$E,E$3)) -> 0 | G18: =IF($B18="","",SUMIFS('Raw Data'!$F:$F,'Raw Data'!$A:$A,$B18,'Raw Data'!$E:$E,G$3)) -> 0 | H18: =IF($B18="","",SUMIFS('Raw Data'!$J:$J,'Raw Data'!$A:$A,$B18,'Raw Data'!$E:$E,G$3)) -> 0 | I18: =IF($B18="","",SUMIFS('Raw Data'!$F:$F,'Raw Data'!$A:$A,$B18,'Raw Data'!$E:$E,I$3)) -> 0 | J18: =IF($B18="","",SUMIFS('Raw Data'!$J:$J,'Raw Data'!$A:$A,$B18,'Raw Data'!$E:$E,I$3)) -> 0 | K18: =IF($B18="","",C18+E18+G18+I18) -> 0 | L18: =IF($B18="","",D18+F18+H18+J18) -> 0 | M18: =IF($B18="","",K18+L18) -> 0
A19: 15 | B19: =INDEX('Raw Data'!$A:$A,(ROW(A16)-1)*4+1) -> 0 | C19: =IF($B19="","",SUMIFS('Raw Data'!$F:$F,'Raw Data'!$A:$A,$B19,'Raw Data'!$E:$E,C$3)) -> 0 | D19: =IF($B19="","",SUMIFS('Raw Data'!$J:$J,'Raw Data'!$A:$A,$B19,'Raw Data'!$E:$E,C$3)) -> 0 | E19: =IF($B19="","",SUMIFS('Raw Data'!$F:$F,'Raw Data'!$A:$A,$B19,'Raw Data'!$E:$E,E$3)) -> 0 | F19: =IF($B19="","",SUMIFS('Raw Data'!$J:$J,'Raw Data'!$A:$A,$B19,'Raw Data'!$E:$E,E$3)) -> 0 | G19: =IF($B19="","",SUMIFS('Raw Data'!$F:$F,'Raw Data'!$A:$A,$B19,'Raw Data'!$E:$E,G$3)) -> 0 | H19: =IF($B19="","",SUMIFS('Raw Data'!$J:$J,'Raw Data'!$A:$A,$B19,'Raw Data'!$E:$E,G$3)) -> 0 | I19: =IF($B19="","",SUMIFS('Raw Data'!$F:$F,'Raw Data'!$A:$A,$B19,'Raw Data'!$E:$E,I$3)) -> 0 | J19: =IF($B19="","",SUMIFS('Raw Data'!$J:$J,'Raw Data'!$A:$A,$B19,'Raw Data'!$E:$E,I$3)) -> 0 | K19: =IF($B19="","",C19+E19+G19+I19) -> 0 | L19: =IF($B19="","",D19+F19+H19+J19) -> 0 | M19: =IF($B19="","",K19+L19) -> 0
A20: 16 | B20: =INDEX('Raw Data'!$A:$A,(ROW(A17)-1)*4+1) -> 0 | C20: =IF($B20="","",SUMIFS('Raw Data'!$F:$F,'Raw Data'!$A:$A,$B20,'Raw Data'!$E:$E,C$3)) -> 0 | D20: =IF($B20="","",SUMIFS('Raw Data'!$J:$J,'Raw Data'!$A:$A,$B20,'Raw Data'!$E:$E,C$3)) -> 0 | E20: =IF($B20="","",SUMIFS('Raw Data'!$F:$F,'Raw Data'!$A:$A,$B20,'Raw Data'!$E:$E,E$3)) -> 0 | F20: =IF($B20="","",SUMIFS('Raw Data'!$J:$J,'Raw Data'!$A:$A,$B20,'Raw Data'!$E:$E,E$3)) -> 0 | G20: =IF($B20="","",SUMIFS('Raw Data'!$F:$F,'Raw Data'!$A:$A,$B20,'Raw Data'!$E:$E,G$3)) -> 0 | H20: =IF($B20="","",SUMIFS('Raw Data'!$J:$J,'Raw Data'!$A:$A,$B20,'Raw Data'!$E:$E,G$3)) -> 0 | I20: =IF($B20="","",SUMIFS('Raw Data'!$F:$F,'Raw Data'!$A:$A,$B20,'Raw Data'!$E:$E,I$3)) -> 0 | J20: =IF($B20="","",SUMIFS('Raw Data'!$J:$J,'Raw Data'!$A:$A,$B20,'Raw Data'!$E:$E,I$3)) -> 0 | K20: =IF($B20="","",C20+E20+G20+I20) -> 0 | L20: =IF($B20="","",D20+F20+H20+J20) -> 0 | M20: =IF($B20="","",K20+L20) -> 0
A21: 17 | B21: =INDEX('Raw Data'!$A:$A,(ROW(A18)-1)*4+1) -> 0 | C21: =IF($B21="","",SUMIFS('Raw Data'!$F:$F,'Raw Data'!$A:$A,$B21,'Raw Data'!$E:$E,C$3)) -> 0 | D21: =IF($B21="","",SUMIFS('Raw Data'!$J:$J,'Raw Data'!$A:$A,$B21,'Raw Data'!$E:$E,C$3)) -> 0 | E21: =IF($B21="","",SUMIFS('Raw Data'!$F:$F,'Raw Data'!$A:$A,$B21,'Raw Data'!$E:$E,E$3)) -> 0 | F21: =IF($B21="","",SUMIFS('Raw Data'!$J:$J,'Raw Data'!$A:$A,$B21,'Raw Data'!$E:$E,E$3)) -> 0 | G21: =IF($B21="","",SUMIFS('Raw Data'!$F:$F,'Raw Data'!$A:$A,$B21,'Raw Data'!$E:$E,G$3)) -> 0 | H21: =IF($B21="","",SUMIFS('Raw Data'!$J:$J,'Raw Data'!$A:$A,$B21,'Raw Data'!$E:$E,G$3)) -> 0 | I21: =IF($B21="","",SUMIFS('Raw Data'!$F:$F,'Raw Data'!$A:$A,$B21,'Raw Data'!$E:$E,I$3)) -> 0 | J21: =IF($B21="","",SUMIFS('Raw Data'!$J:$J,'Raw Data'!$A:$A,$B21,'Raw Data'!$E:$E,I$3)) -> 0 | K21: =IF($B21="","",C21+E21+G21+I21) -> 0 | L21: =IF($B21="","",D21+F21+H21+J21) -> 0 | M21: =IF($B21="","",K21+L21) -> 0
A22: 18 | B22: =INDEX('Raw Data'!$A:$A,(ROW(A19)-1)*4+1) -> 0 | C22: =IF($B22="","",SUMIFS('Raw Data'!$F:$F,'Raw Data'!$A:$A,$B22,'Raw Data'!$E:$E,C$3)) -> 0 | D22: =IF($B22="","",SUMIFS('Raw Data'!$J:$J,'Raw Data'!$A:$A,$B22,'Raw Data'!$E:$E,C$3)) -> 0 | E22: =IF($B22="","",SUMIFS('Raw Data'!$F:$F,'Raw Data'!$A:$A,$B22,'Raw Data'!$E:$E,E$3)) -> 0 | F22: =IF($B22="","",SUMIFS('Raw Data'!$J:$J,'Raw Data'!$A:$A,$B22,'Raw Data'!$E:$E,E$3)) -> 0 | G22: =IF($B22="","",SUMIFS('Raw Data'!$F:$F,'Raw Data'!$A:$A,$B22,'Raw Data'!$E:$E,G$3)) -> 0 | H22: =IF($B22="","",SUMIFS('Raw Data'!$J:$J,'Raw Data'!$A:$A,$B22,'Raw Data'!$E:$E,G$3)) -> 0 | I22: =IF($B22="","",SUMIFS('Raw Data'!$F:$F,'Raw Data'!$A:$A,$B22,'Raw Data'!$E:$E,I$3)) -> 0 | J22: =IF($B22="","",SUMIFS('Raw Data'!$J:$J,'Raw Data'!$A:$A,$B22,'Raw Data'!$E:$E,I$3)) -> 0 | K22: =IF($B22="","",C22+E22+G22+I22) -> 0 | L22: =IF($B22="","",D22+F22+H22+J22) -> 0 | M22: =IF($B22="","",K22+L22) -> 0
A23: 19 | B23: =INDEX('Raw Data'!$A:$A,(ROW(A20)-1)*4+1) -> 0 | C23: =IF($B23="","",SUMIFS('Raw Data'!$F:$F,'Raw Data'!$A:$A,$B23,'Raw Data'!$E:$E,C$3)) -> 0 | D23: =IF($B23="","",SUMIFS('Raw Data'!$J:$J,'Raw Data'!$A:$A,$B23,'Raw Data'!$E:$E,C$3)) -> 0 | E23: =IF($B23="","",SUMIFS('Raw Data'!$F:$F,'Raw Data'!$A:$A,$B23,'Raw Data'!$E:$E,E$3)) -> 0 | F23: =IF($B23="","",SUMIFS('Raw Data'!$J:$J,'Raw Data'!$A:$A,$B23,'Raw Data'!$E:$E,E$3)) -> 0 | G23: =IF($B23="","",SUMIFS('Raw Data'!$F:$F,'Raw Data'!$A:$A,$B23,'Raw Data'!$E:$E,G$3)) -> 0 | H23: =IF($B23="","",SUMIFS('Raw Data'!$J:$J,'Raw Data'!$A:$A,$B23,'Raw Data'!$E:$E,G$3)) -> 0 | I23: =IF($B23="","",SUMIFS('Raw Data'!$F:$F,'Raw Data'!$A:$A,$B23,'Raw Data'!$E:$E,I$3)) -> 0 | J23: =IF($B23="","",SUMIFS('Raw Data'!$J:$J,'Raw Data'!$A:$A,$B23,'Raw Data'!$E:$E,I$3)) -> 0 | K23: =IF($B23="","",C23+E23+G23+I23) -> 0 | L23: =IF($B23="","",D23+F23+H23+J23) -> 0 | M23: =IF($B23="","",K23+L23) -> 0
A24: 20 | B24: =INDEX('Raw Data'!$A:$A,(ROW(A21)-1)*4+1) -> 0 | C24: =IF($B24="","",SUMIFS('Raw Data'!$F:$F,'Raw Data'!$A:$A,$B24,'Raw Data'!$E:$E,C$3)) -> 0 | D24: =IF($B24="","",SUMIFS('Raw Data'!$J:$J,'Raw Data'!$A:$A,$B24,'Raw Data'!$E:$E,C$3)) -> 0 | E24: =IF($B24="","",SUMIFS('Raw Data'!$F:$F,'Raw Data'!$A:$A,$B24,'Raw Data'!$E:$E,E$3)) -> 0 | F24: =IF($B24="","",SUMIFS('Raw Data'!$J:$J,'Raw Data'!$A:$A,$B24,'Raw Data'!$E:$E,E$3)) -> 0 | G24: =IF($B24="","",SUMIFS('Raw Data'!$F:$F,'Raw Data'!$A:$A,$B24,'Raw Data'!$E:$E,G$3)) -> 0 | H24: =IF($B24="","",SUMIFS('Raw Data'!$J:$J,'Raw Data'!$A:$A,$B24,'Raw Data'!$E:$E,G$3)) -> 0 | I24: =IF($B24="","",SUMIFS('Raw Data'!$F:$F,'Raw Data'!$A:$A,$B24,'Raw Data'!$E:$E,I$3)) -> 0 | J24: =IF($B24="","",SUMIFS('Raw Data'!$J:$J,'Raw Data'!$A:$A,$B24,'Raw Data'!$E:$E,I$3)) -> 0 | K24: =IF($B24="","",C24+E24+G24+I24) -> 0 | L24: =IF($B24="","",D24+F24+H24+J24) -> 0 | M24: =IF($B24="","",K24+L24) -> 0
A25: 21 | B25: =INDEX('Raw Data'!$A:$A,(ROW(A22)-1)*4+1) -> 0 | C25: =IF($B25="","",SUMIFS('Raw Data'!$F:$F,'Raw Data'!$A:$A,$B25,'Raw Data'!$E:$E,C$3)) -> 0 | D25: =IF($B25="","",SUMIFS('Raw Data'!$J:$J,'Raw Data'!$A:$A,$B25,'Raw Data'!$E:$E,C$3)) -> 0 | E25: =IF($B25="","",SUMIFS('Raw Data'!$F:$F,'Raw Data'!$A:$A,$B25,'Raw Data'!$E:$E,E$3)) -> 0 | F25: =IF($B25="","",SUMIFS('Raw Data'!$J:$J,'Raw Data'!$A:$A,$B25,'Raw Data'!$E:$E,E$3)) -> 0 | G25: =IF($B25="","",SUMIFS('Raw Data'!$F:$F,'Raw Data'!$A:$A,$B25,'Raw Data'!$E:$E,G$3)) -> 0 | H25: =IF($B25="","",SUMIFS('Raw Data'!$J:$J,'Raw Data'!$A:$A,$B25,'Raw Data'!$E:$E,G$3)) -> 0 | I25: =IF($B25="","",SUMIFS('Raw Data'!$F:$F,'Raw Data'!$A:$A,$B25,'Raw Data'!$E:$E,I$3)) -> 0 | J25: =IF($B25="","",SUMIFS('Raw Data'!$J:$J,'Raw Data'!$A:$A,$B25,'Raw Data'!$E:$E,I$3)) -> 0 | K25: =IF($B25="","",C25+E25+G25+I25) -> 0 | L25: =IF($B25="","",D25+F25+H25+J25) -> 0 | M25: =IF($B25="","",K25+L25) -> 0
... A1776: 1772 | B1776: =INDEX('Raw Data'!$A:$A,(ROW(A1773)-1)*4+1) -> 0 | C1776: =IF($B1776="","",SUMIFS('Raw Data'!$F:$F,'Raw Data'!$A:$A,$B1776,'Raw Data'!$E:$E,C$3)) -> 0 | D1776: =IF($B1776="","",SUMIFS('Raw Data'!$J:$J,'Raw Data'!$A:$A,$B1776,'Raw Data'!$E:$E,C$3)) -> 0 | E1776: =IF($B1776="","",SUMIFS('Raw Data'!$F:$F,'Raw Data'!$A:$A,$B1776,'Raw Data'!$E:$E,E$3)) -> 0 | F1776: =IF($B1776="","",SUMIFS('Raw Data'!$J:$J,'Raw Data'!$A:$A,$B1776,'Raw Data'!$E:$E,E$3)) -> 0 | G1776: =IF($B1776="","",SUMIFS('Raw Data'!$F:$F,'Raw Data'!$A:$A,$B1776,'Raw Data'!$E:$E,G$3)) -> 0 | H1776: =IF($B1776="","",SUMIFS('Raw Data'!$J:$J,'Raw Data'!$A:$A,$B1776,'Raw Data'!$E:$E,G$3)) -> 0 | I1776: =IF($B1776="","",SUMIFS('Raw Data'!$F:$F,'Raw Data'!$A:$A,$B1776,'Raw Data'!$E:$E,I$3)) -> 0 | J1776: =IF($B1776="","",SUMIFS('Raw Data'!$J:$J,'Raw Data'!$A:$A,$B1776,'Raw Data'!$E:$E,I$3)) -> 0 | K1776: =IF($B1776="","",C1776+E1776+G1776+I1776) -> 0 | L1776: =IF($B1776="","",D1776+F1776+H1776+J1776) -> 0 | M1776: =IF($B1776="","",K1776+L1776) -> 0
